"Group";"Name";"File"
1;"ASA";"spectra/group01/asa_01.csv"
1;"ASA";"spectra/group01/asa_02.csv"
1;"ASA";"spectra/group01/asa_03.csv"
1;"ASA";"spectra/group01/asa_04.csv"
1;"ASA";"spectra/group01/asa_05.csv"
1;"Caffeine citrate";"spectra/group01/caffeine_citrate_01.csv"
1;"Caffeine citrate";"spectra/group01/caffeine_citrate_02.csv"
1;"Caffeine citrate";"spectra/group01/caffeine_citrate_03.csv"
1;"Caffeine citrate";"spectra/group01/caffeine_citrate_04.csv"
1;"Caffeine citrate";"spectra/group01/caffeine_citrate_05.csv"
1;"Xylose";"spectra/group01/xylose_01.csv"
1;"Xylose";"spectra/group01/xylose_02.csv"
1;"Xylose";"spectra/group01/xylose_03.csv"
1;"Xylose";"spectra/group01/xylose_04.csv"
1;"Xylose";"spectra/group01/xylose_05.csv"
1;"Acetaminophen";"spectra/group01/acetaminophen_01.csv"
1;"Acetaminophen";"spectra/group01/acetaminophen_02.csv"
1;"Acetaminophen";"spectra/group01/acetaminophen_03.csv"
1;"Acetaminophen";"spectra/group01/acetaminophen_04.csv"
1;"Acetaminophen";"spectra/group01/acetaminophen_05.csv"
1;"Mannitol";"spectra/group01/mannitol_01.csv"
1;"Mannitol";"spectra/group01/mannitol_02.csv"
1;"Mannitol";"spectra/group01/mannitol_03.csv"
1;"Mannitol";"spectra/group01/mannitol_04.csv"
1;"Mannitol";"spectra/group01/mannitol_05.csv"
1;"Fructose";"spectra/group01/fructose_01.csv"
1;"Fructose";"spectra/group01/fructose_02.csv"
1;"Fructose";"spectra/group01/fructose_03.csv"
1;"Fructose";"spectra/group01/fructose_04.csv"
1;"Fructose";"spectra/group01/fructose_05.csv"
1;"Glucose";"spectra/group01/glucose_01.csv"
1;"Glucose";"spectra/group01/glucose_02.csv"
1;"Glucose";"spectra/group01/glucose_03.csv"
1;"Glucose";"spectra/group01/glucose_04.csv"
1;"Glucose";"spectra/group01/glucose_05.csv"
1;"Lactose";"spectra/group01/lactose_01.csv"
1;"Lactose";"spectra/group01/lactose_02.csv"
1;"Lactose";"spectra/group01/lactose_03.csv"
1;"Lactose";"spectra/group01/lactose_04.csv"
1;"Lactose";"spectra/group01/lactose_05.csv"
1;"Sorbitol";"spectra/group01/sorbitol_01.csv"
1;"Sorbitol";"spectra/group01/sorbitol_02.csv"
1;"Sorbitol";"spectra/group01/sorbitol_03.csv"
1;"Sorbitol";"spectra/group01/sorbitol_04.csv"
1;"Sorbitol";"spectra/group01/sorbitol_05.csv"
1;"Salicylic acid";"spectra/group01/salicylic_acid_01.csv"
1;"Salicylic acid";"spectra/group01/salicylic_acid_02.csv"
1;"Salicylic acid";"spectra/group01/salicylic_acid_03.csv"
1;"Salicylic acid";"spectra/group01/salicylic_acid_04.csv"
1;"Salicylic acid";"spectra/group01/salicylic_acid_05.csv"
1;"Caffeine";"spectra/group01/caffeine_01.csv"
1;"Caffeine";"spectra/group01/caffeine_02.csv"
1;"Caffeine";"spectra/group01/caffeine_03.csv"
1;"Caffeine";"spectra/group01/caffeine_04.csv"
1;"Caffeine";"spectra/group01/caffeine_05.csv"
2;"ASA";"spectra/group02/asa_01.csv"
2;"ASA";"spectra/group02/asa_02.csv"
2;"ASA";"spectra/group02/asa_03.csv"
2;"ASA";"spectra/group02/asa_04.csv"
2;"ASA";"spectra/group02/asa_05.csv"
2;"Caffeine citrate";"spectra/group02/caffeine_citrate_01.csv"
2;"Caffeine citrate";"spectra/group02/caffeine_citrate_02.csv"
2;"Caffeine citrate";"spectra/group02/caffeine_citrate_03.csv"
2;"Caffeine citrate";"spectra/group02/caffeine_citrate_04.csv"
2;"Caffeine citrate";"spectra/group02/caffeine_citrate_05.csv"
2;"Xylose";"spectra/group02/xylose_01.csv"
2;"Xylose";"spectra/group02/xylose_02.csv"
2;"Xylose";"spectra/group02/xylose_03.csv"
2;"Xylose";"spectra/group02/xylose_04.csv"
2;"Xylose";"spectra/group02/xylose_05.csv"
2;"Acetaminophen";"spectra/group02/acetaminophen_01.csv"
2;"Acetaminophen";"spectra/group02/acetaminophen_02.csv"
2;"Acetaminophen";"spectra/group02/acetaminophen_03.csv"
2;"Acetaminophen";"spectra/group02/acetaminophen_04.csv"
2;"Acetaminophen";"spectra/group02/acetaminophen_05.csv"
2;"Mannitol";"spectra/group02/mannitol_01.csv"
2;"Mannitol";"spectra/group02/mannitol_02.csv"
2;"Mannitol";"spectra/group02/mannitol_03.csv"
2;"Mannitol";"spectra/group02/mannitol_04.csv"
2;"Mannitol";"spectra/group02/mannitol_05.csv"
2;"Fructose";"spectra/group02/fructose_01.csv"
2;"Fructose";"spectra/group02/fructose_02.csv"
2;"Fructose";"spectra/group02/fructose_03.csv"
2;"Fructose";"spectra/group02/fructose_04.csv"
2;"Fructose";"spectra/group02/fructose_05.csv"
2;"Glucose";"spectra/group02/glucose_01.csv"
2;"Glucose";"spectra/group02/glucose_02.csv"
2;"Glucose";"spectra/group02/glucose_03.csv"
2;"Glucose";"spectra/group02/glucose_04.csv"
2;"Glucose";"spectra/group02/glucose_05.csv"
2;"Lactose";"spectra/group02/lactose_01.csv"
2;"Lactose";"spectra/group02/lactose_02.csv"
2;"Lactose";"spectra/group02/lactose_03.csv"
2;"Lactose";"spectra/group02/lactose_04.csv"
2;"Lactose";"spectra/group02/lactose_05.csv"
2;"Sorbitol";"spectra/group02/sorbitol_01.csv"
2;"Sorbitol";"spectra/group02/sorbitol_02.csv"
2;"Sorbitol";"spectra/group02/sorbitol_03.csv"
2;"Sorbitol";"spectra/group02/sorbitol_04.csv"
2;"Sorbitol";"spectra/group02/sorbitol_05.csv"
2;"Salicylic acid";"spectra/group02/salicylic_acid_01.csv"
2;"Salicylic acid";"spectra/group02/salicylic_acid_02.csv"
2;"Salicylic acid";"spectra/group02/salicylic_acid_03.csv"
2;"Salicylic acid";"spectra/group02/salicylic_acid_04.csv"
2;"Salicylic acid";"spectra/group02/salicylic_acid_05.csv"
2;"Caffeine";"spectra/group02/caffeine_01.csv"
2;"Caffeine";"spectra/group02/caffeine_02.csv"
2;"Caffeine";"spectra/group02/caffeine_03.csv"
2;"Caffeine";"spectra/group02/caffeine_04.csv"
2;"Caffeine";"spectra/group02/caffeine_05.csv"
3;"ASA";"spectra/group03/asa_01.csv"
3;"ASA";"spectra/group03/asa_02.csv"
3;"ASA";"spectra/group03/asa_03.csv"
3;"ASA";"spectra/group03/asa_04.csv"
3;"ASA";"spectra/group03/asa_05.csv"
3;"Caffeine citrate";"spectra/group03/caffeine_citrate_01.csv"
3;"Caffeine citrate";"spectra/group03/caffeine_citrate_02.csv"
3;"Caffeine citrate";"spectra/group03/caffeine_citrate_03.csv"
3;"Caffeine citrate";"spectra/group03/caffeine_citrate_04.csv"
3;"Caffeine citrate";"spectra/group03/caffeine_citrate_05.csv"
3;"Xylose";"spectra/group03/xylose_01.csv"
3;"Xylose";"spectra/group03/xylose_02.csv"
3;"Xylose";"spectra/group03/xylose_03.csv"
3;"Xylose";"spectra/group03/xylose_04.csv"
3;"Xylose";"spectra/group03/xylose_05.csv"
3;"Acetaminophen";"spectra/group03/acetaminophen_01.csv"
3;"Acetaminophen";"spectra/group03/acetaminophen_02.csv"
3;"Acetaminophen";"spectra/group03/acetaminophen_03.csv"
3;"Acetaminophen";"spectra/group03/acetaminophen_04.csv"
3;"Acetaminophen";"spectra/group03/acetaminophen_05.csv"
3;"Mannitol";"spectra/group03/mannitol_01.csv"
3;"Mannitol";"spectra/group03/mannitol_02.csv"
3;"Mannitol";"spectra/group03/mannitol_03.csv"
3;"Mannitol";"spectra/group03/mannitol_04.csv"
3;"Mannitol";"spectra/group03/mannitol_05.csv"
3;"Fructose";"spectra/group03/fructose_01.csv"
3;"Fructose";"spectra/group03/fructose_02.csv"
3;"Fructose";"spectra/group03/fructose_03.csv"
3;"Fructose";"spectra/group03/fructose_04.csv"
3;"Fructose";"spectra/group03/fructose_05.csv"
3;"Glucose";"spectra/group03/glucose_01.csv"
3;"Glucose";"spectra/group03/glucose_02.csv"
3;"Glucose";"spectra/group03/glucose_03.csv"
3;"Glucose";"spectra/group03/glucose_04.csv"
3;"Glucose";"spectra/group03/glucose_05.csv"
3;"Lactose";"spectra/group03/lactose_01.csv"
3;"Lactose";"spectra/group03/lactose_02.csv"
3;"Lactose";"spectra/group03/lactose_03.csv"
3;"Lactose";"spectra/group03/lactose_04.csv"
3;"Lactose";"spectra/group03/lactose_05.csv"
3;"Sorbitol";"spectra/group03/sorbitol_01.csv"
3;"Sorbitol";"spectra/group03/sorbitol_02.csv"
3;"Sorbitol";"spectra/group03/sorbitol_03.csv"
3;"Sorbitol";"spectra/group03/sorbitol_04.csv"
3;"Sorbitol";"spectra/group03/sorbitol_05.csv"
3;"Salicylic acid";"spectra/group03/salicylic_acid_01.csv"
3;"Salicylic acid";"spectra/group03/salicylic_acid_02.csv"
3;"Salicylic acid";"spectra/group03/salicylic_acid_03.csv"
3;"Salicylic acid";"spectra/group03/salicylic_acid_04.csv"
3;"Salicylic acid";"spectra/group03/salicylic_acid_05.csv"
3;"Caffeine";"spectra/group03/caffeine_01.csv"
3;"Caffeine";"spectra/group03/caffeine_02.csv"
3;"Caffeine";"spectra/group03/caffeine_03.csv"
3;"Caffeine";"spectra/group03/caffeine_04.csv"
3;"Caffeine";"spectra/group03/caffeine_05.csv"
4;"ASA";"spectra/group04/asa_01.csv"
4;"ASA";"spectra/group04/asa_02.csv"
4;"ASA";"spectra/group04/asa_03.csv"
4;"ASA";"spectra/group04/asa_04.csv"
4;"ASA";"spectra/group04/asa_05.csv"
4;"Caffeine citrate";"spectra/group04/caffeine_citrate_01.csv"
4;"Caffeine citrate";"spectra/group04/caffeine_citrate_02.csv"
4;"Caffeine citrate";"spectra/group04/caffeine_citrate_03.csv"
4;"Caffeine citrate";"spectra/group04/caffeine_citrate_04.csv"
4;"Caffeine citrate";"spectra/group04/caffeine_citrate_05.csv"
4;"Xylose";"spectra/group04/xylose_01.csv"
4;"Xylose";"spectra/group04/xylose_02.csv"
4;"Xylose";"spectra/group04/xylose_03.csv"
4;"Xylose";"spectra/group04/xylose_04.csv"
4;"Xylose";"spectra/group04/xylose_05.csv"
4;"Acetaminophen";"spectra/group04/acetaminophen_01.csv"
4;"Acetaminophen";"spectra/group04/acetaminophen_02.csv"
4;"Acetaminophen";"spectra/group04/acetaminophen_03.csv"
4;"Acetaminophen";"spectra/group04/acetaminophen_04.csv"
4;"Acetaminophen";"spectra/group04/acetaminophen_05.csv"
4;"Mannitol";"spectra/group04/mannitol_01.csv"
4;"Mannitol";"spectra/group04/mannitol_02.csv"
4;"Mannitol";"spectra/group04/mannitol_03.csv"
4;"Mannitol";"spectra/group04/mannitol_04.csv"
4;"Mannitol";"spectra/group04/mannitol_05.csv"
4;"Fructose";"spectra/group04/fructose_01.csv"
4;"Fructose";"spectra/group04/fructose_02.csv"
4;"Fructose";"spectra/group04/fructose_03.csv"
4;"Fructose";"spectra/group04/fructose_04.csv"
4;"Fructose";"spectra/group04/fructose_05.csv"
4;"Glucose";"spectra/group04/glucose_01.csv"
4;"Glucose";"spectra/group04/glucose_02.csv"
4;"Glucose";"spectra/group04/glucose_03.csv"
4;"Glucose";"spectra/group04/glucose_04.csv"
4;"Glucose";"spectra/group04/glucose_05.csv"
4;"Lactose";"spectra/group04/lactose_01.csv"
4;"Lactose";"spectra/group04/lactose_02.csv"
4;"Lactose";"spectra/group04/lactose_03.csv"
4;"Lactose";"spectra/group04/lactose_04.csv"
4;"Lactose";"spectra/group04/lactose_05.csv"
4;"Sorbitol";"spectra/group04/sorbitol_01.csv"
4;"Sorbitol";"spectra/group04/sorbitol_02.csv"
4;"Sorbitol";"spectra/group04/sorbitol_03.csv"
4;"Sorbitol";"spectra/group04/sorbitol_04.csv"
4;"Sorbitol";"spectra/group04/sorbitol_05.csv"
4;"Salicylic acid";"spectra/group04/salicylic_acid_01.csv"
4;"Salicylic acid";"spectra/group04/salicylic_acid_02.csv"
4;"Salicylic acid";"spectra/group04/salicylic_acid_03.csv"
4;"Salicylic acid";"spectra/group04/salicylic_acid_04.csv"
4;"Salicylic acid";"spectra/group04/salicylic_acid_05.csv"
4;"Caffeine";"spectra/group04/caffeine_01.csv"
4;"Caffeine";"spectra/group04/caffeine_02.csv"
4;"Caffeine";"spectra/group04/caffeine_03.csv"
4;"Caffeine";"spectra/group04/caffeine_04.csv"
4;"Caffeine";"spectra/group04/caffeine_05.csv"
5;"ASA";"spectra/group05/asa_01.csv"
5;"ASA";"spectra/group05/asa_02.csv"
5;"ASA";"spectra/group05/asa_03.csv"
5;"ASA";"spectra/group05/asa_04.csv"
5;"ASA";"spectra/group05/asa_05.csv"
5;"Caffeine citrate";"spectra/group05/caffeine_citrate_01.csv"
5;"Caffeine citrate";"spectra/group05/caffeine_citrate_02.csv"
5;"Caffeine citrate";"spectra/group05/caffeine_citrate_03.csv"
5;"Caffeine citrate";"spectra/group05/caffeine_citrate_04.csv"
5;"Caffeine citrate";"spectra/group05/caffeine_citrate_05.csv"
5;"Xylose";"spectra/group05/xylose_01.csv"
5;"Xylose";"spectra/group05/xylose_02.csv"
5;"Xylose";"spectra/group05/xylose_03.csv"
5;"Xylose";"spectra/group05/xylose_04.csv"
5;"Xylose";"spectra/group05/xylose_05.csv"
5;"Acetaminophen";"spectra/group05/acetaminophen_01.csv"
5;"Acetaminophen";"spectra/group05/acetaminophen_02.csv"
5;"Acetaminophen";"spectra/group05/acetaminophen_03.csv"
5;"Acetaminophen";"spectra/group05/acetaminophen_04.csv"
5;"Acetaminophen";"spectra/group05/acetaminophen_05.csv"
5;"Mannitol";"spectra/group05/mannitol_01.csv"
5;"Mannitol";"spectra/group05/mannitol_02.csv"
5;"Mannitol";"spectra/group05/mannitol_03.csv"
5;"Mannitol";"spectra/group05/mannitol_04.csv"
5;"Mannitol";"spectra/group05/mannitol_05.csv"
5;"Fructose";"spectra/group05/fructose_01.csv"
5;"Fructose";"spectra/group05/fructose_02.csv"
5;"Fructose";"spectra/group05/fructose_03.csv"
5;"Fructose";"spectra/group05/fructose_04.csv"
5;"Fructose";"spectra/group05/fructose_05.csv"
5;"Glucose";"spectra/group05/glucose_01.csv"
5;"Glucose";"spectra/group05/glucose_02.csv"
5;"Glucose";"spectra/group05/glucose_03.csv"
5;"Glucose";"spectra/group05/glucose_04.csv"
5;"Glucose";"spectra/group05/glucose_05.csv"
5;"Lactose";"spectra/group05/lactose_01.csv"
5;"Lactose";"spectra/group05/lactose_02.csv"
5;"Lactose";"spectra/group05/lactose_03.csv"
5;"Lactose";"spectra/group05/lactose_04.csv"
5;"Lactose";"spectra/group05/lactose_05.csv"
5;"Sorbitol";"spectra/group05/sorbitol_01.csv"
5;"Sorbitol";"spectra/group05/sorbitol_02.csv"
5;"Sorbitol";"spectra/group05/sorbitol_03.csv"
5;"Sorbitol";"spectra/group05/sorbitol_04.csv"
5;"Sorbitol";"spectra/group05/sorbitol_05.csv"
5;"Salicylic acid";"spectra/group05/salicylic_acid_01.csv"
5;"Salicylic acid";"spectra/group05/salicylic_acid_02.csv"
5;"Salicylic acid";"spectra/group05/salicylic_acid_03.csv"
5;"Salicylic acid";"spectra/group05/salicylic_acid_04.csv"
5;"Salicylic acid";"spectra/group05/salicylic_acid_05.csv"
5;"Caffeine";"spectra/group05/caffeine_01.csv"
5;"Caffeine";"spectra/group05/caffeine_02.csv"
5;"Caffeine";"spectra/group05/caffeine_03.csv"
5;"Caffeine";"spectra/group05/caffeine_04.csv"
5;"Caffeine";"spectra/group05/caffeine_05.csv"
6;"ASA";"spectra/group06/asa_01.csv"
6;"ASA";"spectra/group06/asa_02.csv"
6;"ASA";"spectra/group06/asa_03.csv"
6;"ASA";"spectra/group06/asa_04.csv"
6;"ASA";"spectra/group06/asa_05.csv"
6;"Caffeine citrate";"spectra/group06/caffeine_citrate_01.csv"
6;"Caffeine citrate";"spectra/group06/caffeine_citrate_02.csv"
6;"Caffeine citrate";"spectra/group06/caffeine_citrate_03.csv"
6;"Caffeine citrate";"spectra/group06/caffeine_citrate_04.csv"
6;"Caffeine citrate";"spectra/group06/caffeine_citrate_05.csv"
6;"Xylose";"spectra/group06/xylose_01.csv"
6;"Xylose";"spectra/group06/xylose_02.csv"
6;"Xylose";"spectra/group06/xylose_03.csv"
6;"Xylose";"spectra/group06/xylose_04.csv"
6;"Xylose";"spectra/group06/xylose_05.csv"
6;"Acetaminophen";"spectra/group06/acetaminophen_01.csv"
6;"Acetaminophen";"spectra/group06/acetaminophen_02.csv"
6;"Acetaminophen";"spectra/group06/acetaminophen_03.csv"
6;"Acetaminophen";"spectra/group06/acetaminophen_04.csv"
6;"Acetaminophen";"spectra/group06/acetaminophen_05.csv"
6;"Mannitol";"spectra/group06/mannitol_01.csv"
6;"Mannitol";"spectra/group06/mannitol_02.csv"
6;"Mannitol";"spectra/group06/mannitol_03.csv"
6;"Mannitol";"spectra/group06/mannitol_04.csv"
6;"Mannitol";"spectra/group06/mannitol_05.csv"
6;"Fructose";"spectra/group06/fructose_01.csv"
6;"Fructose";"spectra/group06/fructose_02.csv"
6;"Fructose";"spectra/group06/fructose_03.csv"
6;"Fructose";"spectra/group06/fructose_04.csv"
6;"Fructose";"spectra/group06/fructose_05.csv"
6;"Glucose";"spectra/group06/glucose_01.csv"
6;"Glucose";"spectra/group06/glucose_02.csv"
6;"Glucose";"spectra/group06/glucose_03.csv"
6;"Glucose";"spectra/group06/glucose_04.csv"
6;"Glucose";"spectra/group06/glucose_05.csv"
6;"Lactose";"spectra/group06/lactose_01.csv"
6;"Lactose";"spectra/group06/lactose_02.csv"
6;"Lactose";"spectra/group06/lactose_03.csv"
6;"Lactose";"spectra/group06/lactose_04.csv"
6;"Lactose";"spectra/group06/lactose_05.csv"
6;"Sorbitol";"spectra/group06/sorbitol_01.csv"
6;"Sorbitol";"spectra/group06/sorbitol_02.csv"
6;"Sorbitol";"spectra/group06/sorbitol_03.csv"
6;"Sorbitol";"spectra/group06/sorbitol_04.csv"
6;"Sorbitol";"spectra/group06/sorbitol_05.csv"
6;"Salicylic acid";"spectra/group06/salicylic_acid_01.csv"
6;"Salicylic acid";"spectra/group06/salicylic_acid_02.csv"
6;"Salicylic acid";"spectra/group06/salicylic_acid_03.csv"
6;"Salicylic acid";"spectra/group06/salicylic_acid_04.csv"
6;"Salicylic acid";"spectra/group06/salicylic_acid_05.csv"
6;"Caffeine";"spectra/group06/caffeine_01.csv"
6;"Caffeine";"spectra/group06/caffeine_02.csv"
6;"Caffeine";"spectra/group06/caffeine_03.csv"
6;"Caffeine";"spectra/group06/caffeine_04.csv"
6;"Caffeine";"spectra/group06/caffeine_05.csv"
7;"ASA";"spectra/group07/asa_01.csv"
7;"ASA";"spectra/group07/asa_02.csv"
7;"ASA";"spectra/group07/asa_03.csv"
7;"ASA";"spectra/group07/asa_04.csv"
7;"ASA";"spectra/group07/asa_05.csv"
7;"Caffeine citrate";"spectra/group07/caffeine_citrate_01.csv"
7;"Caffeine citrate";"spectra/group07/caffeine_citrate_02.csv"
7;"Caffeine citrate";"spectra/group07/caffeine_citrate_03.csv"
7;"Caffeine citrate";"spectra/group07/caffeine_citrate_04.csv"
7;"Caffeine citrate";"spectra/group07/caffeine_citrate_05.csv"
7;"Xylose";"spectra/group07/xylose_01.csv"
7;"Xylose";"spectra/group07/xylose_02.csv"
7;"Xylose";"spectra/group07/xylose_03.csv"
7;"Xylose";"spectra/group07/xylose_04.csv"
7;"Xylose";"spectra/group07/xylose_05.csv"
7;"Acetaminophen";"spectra/group07/acetaminophen_01.csv"
7;"Acetaminophen";"spectra/group07/acetaminophen_02.csv"
7;"Acetaminophen";"spectra/group07/acetaminophen_03.csv"
7;"Acetaminophen";"spectra/group07/acetaminophen_04.csv"
7;"Acetaminophen";"spectra/group07/acetaminophen_05.csv"
7;"Mannitol";"spectra/group07/mannitol_01.csv"
7;"Mannitol";"spectra/group07/mannitol_02.csv"
7;"Mannitol";"spectra/group07/mannitol_03.csv"
7;"Mannitol";"spectra/group07/mannitol_04.csv"
7;"Mannitol";"spectra/group07/mannitol_05.csv"
7;"Fructose";"spectra/group07/fructose_01.csv"
7;"Fructose";"spectra/group07/fructose_02.csv"
7;"Fructose";"spectra/group07/fructose_03.csv"
7;"Fructose";"spectra/group07/fructose_04.csv"
7;"Fructose";"spectra/group07/fructose_05.csv"
7;"Glucose";"spectra/group07/glucose_01.csv"
7;"Glucose";"spectra/group07/glucose_02.csv"
7;"Glucose";"spectra/group07/glucose_03.csv"
7;"Glucose";"spectra/group07/glucose_04.csv"
7;"Glucose";"spectra/group07/glucose_05.csv"
7;"Lactose";"spectra/group07/lactose_01.csv"
7;"Lactose";"spectra/group07/lactose_02.csv"
7;"Lactose";"spectra/group07/lactose_03.csv"
7;"Lactose";"spectra/group07/lactose_04.csv"
7;"Lactose";"spectra/group07/lactose_05.csv"
7;"Sorbitol";"spectra/group07/sorbitol_01.csv"
7;"Sorbitol";"spectra/group07/sorbitol_02.csv"
7;"Sorbitol";"spectra/group07/sorbitol_03.csv"
7;"Sorbitol";"spectra/group07/sorbitol_04.csv"
7;"Sorbitol";"spectra/group07/sorbitol_05.csv"
7;"Salicylic acid";"spectra/group07/salicylic_acid_01.csv"
7;"Salicylic acid";"spectra/group07/salicylic_acid_02.csv"
7;"Salicylic acid";"spectra/group07/salicylic_acid_03.csv"
7;"Salicylic acid";"spectra/group07/salicylic_acid_04.csv"
7;"Salicylic acid";"spectra/group07/salicylic_acid_05.csv"
7;"Caffeine";"spectra/group07/caffeine_01.csv"
7;"Caffeine";"spectra/group07/caffeine_02.csv"
7;"Caffeine";"spectra/group07/caffeine_03.csv"
7;"Caffeine";"spectra/group07/caffeine_04.csv"
7;"Caffeine";"spectra/group07/caffeine_05.csv"
8;"ASA";"spectra/group08/asa_01.csv"
8;"ASA";"spectra/group08/asa_02.csv"
8;"ASA";"spectra/group08/asa_03.csv"
8;"ASA";"spectra/group08/asa_04.csv"
8;"ASA";"spectra/group08/asa_05.csv"
8;"Caffeine citrate";"spectra/group08/caffeine_citrate_01.csv"
8;"Caffeine citrate";"spectra/group08/caffeine_citrate_02.csv"
8;"Caffeine citrate";"spectra/group08/caffeine_citrate_03.csv"
8;"Caffeine citrate";"spectra/group08/caffeine_citrate_04.csv"
8;"Caffeine citrate";"spectra/group08/caffeine_citrate_05.csv"
8;"Xylose";"spectra/group08/xylose_01.csv"
8;"Xylose";"spectra/group08/xylose_02.csv"
8;"Xylose";"spectra/group08/xylose_03.csv"
8;"Xylose";"spectra/group08/xylose_04.csv"
8;"Xylose";"spectra/group08/xylose_05.csv"
8;"Acetaminophen";"spectra/group08/acetaminophen_01.csv"
8;"Acetaminophen";"spectra/group08/acetaminophen_02.csv"
8;"Acetaminophen";"spectra/group08/acetaminophen_03.csv"
8;"Acetaminophen";"spectra/group08/acetaminophen_04.csv"
8;"Acetaminophen";"spectra/group08/acetaminophen_05.csv"
8;"Mannitol";"spectra/group08/mannitol_01.csv"
8;"Mannitol";"spectra/group08/mannitol_02.csv"
8;"Mannitol";"spectra/group08/mannitol_03.csv"
8;"Mannitol";"spectra/group08/mannitol_04.csv"
8;"Mannitol";"spectra/group08/mannitol_05.csv"
8;"Fructose";"spectra/group08/fructose_01.csv"
8;"Fructose";"spectra/group08/fructose_02.csv"
8;"Fructose";"spectra/group08/fructose_03.csv"
8;"Fructose";"spectra/group08/fructose_04.csv"
8;"Fructose";"spectra/group08/fructose_05.csv"
8;"Glucose";"spectra/group08/glucose_01.csv"
8;"Glucose";"spectra/group08/glucose_02.csv"
8;"Glucose";"spectra/group08/glucose_03.csv"
8;"Glucose";"spectra/group08/glucose_04.csv"
8;"Glucose";"spectra/group08/glucose_05.csv"
8;"Lactose";"spectra/group08/lactose_01.csv"
8;"Lactose";"spectra/group08/lactose_02.csv"
8;"Lactose";"spectra/group08/lactose_03.csv"
8;"Lactose";"spectra/group08/lactose_04.csv"
8;"Lactose";"spectra/group08/lactose_05.csv"
8;"Sorbitol";"spectra/group08/sorbitol_01.csv"
8;"Sorbitol";"spectra/group08/sorbitol_02.csv"
8;"Sorbitol";"spectra/group08/sorbitol_03.csv"
8;"Sorbitol";"spectra/group08/sorbitol_04.csv"
8;"Sorbitol";"spectra/group08/sorbitol_05.csv"
8;"Salicylic acid";"spectra/group08/salicylic_acid_01.csv"
8;"Salicylic acid";"spectra/group08/salicylic_acid_02.csv"
8;"Salicylic acid";"spectra/group08/salicylic_acid_03.csv"
8;"Salicylic acid";"spectra/group08/salicylic_acid_04.csv"
8;"Salicylic acid";"spectra/group08/salicylic_acid_05.csv"
8;"Caffeine";"spectra/group08/caffeine_01.csv"
8;"Caffeine";"spectra/group08/caffeine_02.csv"
8;"Caffeine";"spectra/group08/caffeine_03.csv"
8;"Caffeine";"spectra/group08/caffeine_04.csv"
8;"Caffeine";"spectra/group08/caffeine_05.csv"
9;"ASA";"spectra/group09/asa_01.csv"
9;"ASA";"spectra/group09/asa_02.csv"
9;"ASA";"spectra/group09/asa_03.csv"
9;"ASA";"spectra/group09/asa_04.csv"
9;"ASA";"spectra/group09/asa_05.csv"
9;"Caffeine citrate";"spectra/group09/caffeine_citrate_01.csv"
9;"Caffeine citrate";"spectra/group09/caffeine_citrate_02.csv"
9;"Caffeine citrate";"spectra/group09/caffeine_citrate_03.csv"
9;"Caffeine citrate";"spectra/group09/caffeine_citrate_04.csv"
9;"Caffeine citrate";"spectra/group09/caffeine_citrate_05.csv"
9;"Xylose";"spectra/group09/xylose_01.csv"
9;"Xylose";"spectra/group09/xylose_02.csv"
9;"Xylose";"spectra/group09/xylose_03.csv"
9;"Xylose";"spectra/group09/xylose_04.csv"
9;"Xylose";"spectra/group09/xylose_05.csv"
9;"Acetaminophen";"spectra/group09/acetaminophen_01.csv"
9;"Acetaminophen";"spectra/group09/acetaminophen_02.csv"
9;"Acetaminophen";"spectra/group09/acetaminophen_03.csv"
9;"Acetaminophen";"spectra/group09/acetaminophen_04.csv"
9;"Acetaminophen";"spectra/group09/acetaminophen_05.csv"
9;"Mannitol";"spectra/group09/mannitol_01.csv"
9;"Mannitol";"spectra/group09/mannitol_02.csv"
9;"Mannitol";"spectra/group09/mannitol_03.csv"
9;"Mannitol";"spectra/group09/mannitol_04.csv"
9;"Mannitol";"spectra/group09/mannitol_05.csv"
9;"Fructose";"spectra/group09/fructose_01.csv"
9;"Fructose";"spectra/group09/fructose_02.csv"
9;"Fructose";"spectra/group09/fructose_03.csv"
9;"Fructose";"spectra/group09/fructose_04.csv"
9;"Fructose";"spectra/group09/fructose_05.csv"
9;"Glucose";"spectra/group09/glucose_01.csv"
9;"Glucose";"spectra/group09/glucose_02.csv"
9;"Glucose";"spectra/group09/glucose_03.csv"
9;"Glucose";"spectra/group09/glucose_04.csv"
9;"Glucose";"spectra/group09/glucose_05.csv"
9;"Lactose";"spectra/group09/lactose_01.csv"
9;"Lactose";"spectra/group09/lactose_02.csv"
9;"Lactose";"spectra/group09/lactose_03.csv"
9;"Lactose";"spectra/group09/lactose_04.csv"
9;"Lactose";"spectra/group09/lactose_05.csv"
9;"Sorbitol";"spectra/group09/sorbitol_01.csv"
9;"Sorbitol";"spectra/group09/sorbitol_02.csv"
9;"Sorbitol";"spectra/group09/sorbitol_03.csv"
9;"Sorbitol";"spectra/group09/sorbitol_04.csv"
9;"Sorbitol";"spectra/group09/sorbitol_05.csv"
9;"Salicylic acid";"spectra/group09/salicylic_acid_01.csv"
9;"Salicylic acid";"spectra/group09/salicylic_acid_02.csv"
9;"Salicylic acid";"spectra/group09/salicylic_acid_03.csv"
9;"Salicylic acid";"spectra/group09/salicylic_acid_04.csv"
9;"Salicylic acid";"spectra/group09/salicylic_acid_05.csv"
9;"Caffeine";"spectra/group09/caffeine_01.csv"
9;"Caffeine";"spectra/group09/caffeine_02.csv"
9;"Caffeine";"spectra/group09/caffeine_03.csv"
9;"Caffeine";"spectra/group09/caffeine_04.csv"
9;"Caffeine";"spectra/group09/caffeine_05.csv"
10;"ASA";"spectra/group10/asa_01.csv"
10;"ASA";"spectra/group10/asa_02.csv"
10;"ASA";"spectra/group10/asa_03.csv"
10;"ASA";"spectra/group10/asa_04.csv"
10;"ASA";"spectra/group10/asa_05.csv"
10;"Caffeine citrate";"spectra/group10/caffeine_citrate_01.csv"
10;"Caffeine citrate";"spectra/group10/caffeine_citrate_02.csv"
10;"Caffeine citrate";"spectra/group10/caffeine_citrate_03.csv"
10;"Caffeine citrate";"spectra/group10/caffeine_citrate_04.csv"
10;"Caffeine citrate";"spectra/group10/caffeine_citrate_05.csv"
10;"Xylose";"spectra/group10/xylose_01.csv"
10;"Xylose";"spectra/group10/xylose_02.csv"
10;"Xylose";"spectra/group10/xylose_03.csv"
10;"Xylose";"spectra/group10/xylose_04.csv"
10;"Xylose";"spectra/group10/xylose_05.csv"
10;"Acetaminophen";"spectra/group10/acetaminophen_01.csv"
10;"Acetaminophen";"spectra/group10/acetaminophen_02.csv"
10;"Acetaminophen";"spectra/group10/acetaminophen_03.csv"
10;"Acetaminophen";"spectra/group10/acetaminophen_04.csv"
10;"Acetaminophen";"spectra/group10/acetaminophen_05.csv"
10;"Mannitol";"spectra/group10/mannitol_01.csv"
10;"Mannitol";"spectra/group10/mannitol_02.csv"
10;"Mannitol";"spectra/group10/mannitol_03.csv"
10;"Mannitol";"spectra/group10/mannitol_04.csv"
10;"Mannitol";"spectra/group10/mannitol_05.csv"
10;"Fructose";"spectra/group10/fructose_01.csv"
10;"Fructose";"spectra/group10/fructose_02.csv"
10;"Fructose";"spectra/group10/fructose_03.csv"
10;"Fructose";"spectra/group10/fructose_04.csv"
10;"Fructose";"spectra/group10/fructose_05.csv"
10;"Glucose";"spectra/group10/glucose_01.csv"
10;"Glucose";"spectra/group10/glucose_02.csv"
10;"Glucose";"spectra/group10/glucose_03.csv"
10;"Glucose";"spectra/group10/glucose_04.csv"
10;"Glucose";"spectra/group10/glucose_05.csv"
10;"Lactose";"spectra/group10/lactose_01.csv"
10;"Lactose";"spectra/group10/lactose_02.csv"
10;"Lactose";"spectra/group10/lactose_03.csv"
10;"Lactose";"spectra/group10/lactose_04.csv"
10;"Lactose";"spectra/group10/lactose_05.csv"
10;"Sorbitol";"spectra/group10/sorbitol_01.csv"
10;"Sorbitol";"spectra/group10/sorbitol_02.csv"
10;"Sorbitol";"spectra/group10/sorbitol_03.csv"
10;"Sorbitol";"spectra/group10/sorbitol_04.csv"
10;"Sorbitol";"spectra/group10/sorbitol_05.csv"
10;"Salicylic acid";"spectra/group10/salicylic_acid_01.csv"
10;"Salicylic acid";"spectra/group10/salicylic_acid_02.csv"
10;"Salicylic acid";"spectra/group10/salicylic_acid_03.csv"
10;"Salicylic acid";"spectra/group10/salicylic_acid_04.csv"
10;"Salicylic acid";"spectra/group10/salicylic_acid_05.csv"
10;"Caffeine";"spectra/group10/caffeine_01.csv"
10;"Caffeine";"spectra/group10/caffeine_02.csv"
10;"Caffeine";"spectra/group10/caffeine_03.csv"
10;"Caffeine";"spectra/group10/caffeine_04.csv"
10;"Caffeine";"spectra/group10/caffeine_05.csv"
11;"ASA";"spectra/group11/asa_01.csv"
11;"ASA";"spectra/group11/asa_02.csv"
11;"ASA";"spectra/group11/asa_03.csv"
11;"ASA";"spectra/group11/asa_04.csv"
11;"ASA";"spectra/group11/asa_05.csv"
11;"Caffeine citrate";"spectra/group11/caffeine_citrate_01.csv"
11;"Caffeine citrate";"spectra/group11/caffeine_citrate_02.csv"
11;"Caffeine citrate";"spectra/group11/caffeine_citrate_03.csv"
11;"Caffeine citrate";"spectra/group11/caffeine_citrate_04.csv"
11;"Caffeine citrate";"spectra/group11/caffeine_citrate_05.csv"
11;"Xylose";"spectra/group11/xylose_01.csv"
11;"Xylose";"spectra/group11/xylose_02.csv"
11;"Xylose";"spectra/group11/xylose_03.csv"
11;"Xylose";"spectra/group11/xylose_04.csv"
11;"Xylose";"spectra/group11/xylose_05.csv"
11;"Acetaminophen";"spectra/group11/acetaminophen_01.csv"
11;"Acetaminophen";"spectra/group11/acetaminophen_02.csv"
11;"Acetaminophen";"spectra/group11/acetaminophen_03.csv"
11;"Acetaminophen";"spectra/group11/acetaminophen_04.csv"
11;"Acetaminophen";"spectra/group11/acetaminophen_05.csv"
11;"Mannitol";"spectra/group11/mannitol_01.csv"
11;"Mannitol";"spectra/group11/mannitol_02.csv"
11;"Mannitol";"spectra/group11/mannitol_03.csv"
11;"Mannitol";"spectra/group11/mannitol_04.csv"
11;"Mannitol";"spectra/group11/mannitol_05.csv"
11;"Fructose";"spectra/group11/fructose_01.csv"
11;"Fructose";"spectra/group11/fructose_02.csv"
11;"Fructose";"spectra/group11/fructose_03.csv"
11;"Fructose";"spectra/group11/fructose_04.csv"
11;"Fructose";"spectra/group11/fructose_05.csv"
11;"Glucose";"spectra/group11/glucose_01.csv"
11;"Glucose";"spectra/group11/glucose_02.csv"
11;"Glucose";"spectra/group11/glucose_03.csv"
11;"Glucose";"spectra/group11/glucose_04.csv"
11;"Glucose";"spectra/group11/glucose_05.csv"
11;"Lactose";"spectra/group11/lactose_01.csv"
11;"Lactose";"spectra/group11/lactose_02.csv"
11;"Lactose";"spectra/group11/lactose_03.csv"
11;"Lactose";"spectra/group11/lactose_04.csv"
11;"Lactose";"spectra/group11/lactose_05.csv"
11;"Sorbitol";"spectra/group11/sorbitol_01.csv"
11;"Sorbitol";"spectra/group11/sorbitol_02.csv"
11;"Sorbitol";"spectra/group11/sorbitol_03.csv"
11;"Sorbitol";"spectra/group11/sorbitol_04.csv"
11;"Sorbitol";"spectra/group11/sorbitol_05.csv"
11;"Salicylic acid";"spectra/group11/salicylic_acid_01.csv"
11;"Salicylic acid";"spectra/group11/salicylic_acid_02.csv"
11;"Salicylic acid";"spectra/group11/salicylic_acid_03.csv"
11;"Salicylic acid";"spectra/group11/salicylic_acid_04.csv"
11;"Salicylic acid";"spectra/group11/salicylic_acid_05.csv"
11;"Caffeine";"spectra/group11/caffeine_01.csv"
11;"Caffeine";"spectra/group11/caffeine_02.csv"
11;"Caffeine";"spectra/group11/caffeine_03.csv"
11;"Caffeine";"spectra/group11/caffeine_04.csv"
11;"Caffeine";"spectra/group11/caffeine_05.csv"
12;"ASA";"spectra/group12/asa_01.csv"
12;"ASA";"spectra/group12/asa_02.csv"
12;"ASA";"spectra/group12/asa_03.csv"
12;"ASA";"spectra/group12/asa_04.csv"
12;"ASA";"spectra/group12/asa_05.csv"
12;"Caffeine citrate";"spectra/group12/caffeine_citrate_01.csv"
12;"Caffeine citrate";"spectra/group12/caffeine_citrate_02.csv"
12;"Caffeine citrate";"spectra/group12/caffeine_citrate_03.csv"
12;"Caffeine citrate";"spectra/group12/caffeine_citrate_04.csv"
12;"Caffeine citrate";"spectra/group12/caffeine_citrate_05.csv"
12;"Xylose";"spectra/group12/xylose_01.csv"
12;"Xylose";"spectra/group12/xylose_02.csv"
12;"Xylose";"spectra/group12/xylose_03.csv"
12;"Xylose";"spectra/group12/xylose_04.csv"
12;"Xylose";"spectra/group12/xylose_05.csv"
12;"Acetaminophen";"spectra/group12/acetaminophen_01.csv"
12;"Acetaminophen";"spectra/group12/acetaminophen_02.csv"
12;"Acetaminophen";"spectra/group12/acetaminophen_03.csv"
12;"Acetaminophen";"spectra/group12/acetaminophen_04.csv"
12;"Acetaminophen";"spectra/group12/acetaminophen_05.csv"
12;"Mannitol";"spectra/group12/mannitol_01.csv"
12;"Mannitol";"spectra/group12/mannitol_02.csv"
12;"Mannitol";"spectra/group12/mannitol_03.csv"
12;"Mannitol";"spectra/group12/mannitol_04.csv"
12;"Mannitol";"spectra/group12/mannitol_05.csv"
12;"Fructose";"spectra/group12/fructose_01.csv"
12;"Fructose";"spectra/group12/fructose_02.csv"
12;"Fructose";"spectra/group12/fructose_03.csv"
12;"Fructose";"spectra/group12/fructose_04.csv"
12;"Fructose";"spectra/group12/fructose_05.csv"
12;"Glucose";"spectra/group12/glucose_01.csv"
12;"Glucose";"spectra/group12/glucose_02.csv"
12;"Glucose";"spectra/group12/glucose_03.csv"
12;"Glucose";"spectra/group12/glucose_04.csv"
12;"Glucose";"spectra/group12/glucose_05.csv"
12;"Lactose";"spectra/group12/lactose_01.csv"
12;"Lactose";"spectra/group12/lactose_02.csv"
12;"Lactose";"spectra/group12/lactose_03.csv"
12;"Lactose";"spectra/group12/lactose_04.csv"
12;"Lactose";"spectra/group12/lactose_05.csv"
12;"Sorbitol";"spectra/group12/sorbitol_01.csv"
12;"Sorbitol";"spectra/group12/sorbitol_02.csv"
12;"Sorbitol";"spectra/group12/sorbitol_03.csv"
12;"Sorbitol";"spectra/group12/sorbitol_04.csv"
12;"Sorbitol";"spectra/group12/sorbitol_05.csv"
12;"Salicylic acid";"spectra/group12/salicylic_acid_01.csv"
12;"Salicylic acid";"spectra/group12/salicylic_acid_02.csv"
12;"Salicylic acid";"spectra/group12/salicylic_acid_03.csv"
12;"Salicylic acid";"spectra/group12/salicylic_acid_04.csv"
12;"Salicylic acid";"spectra/group12/salicylic_acid_05.csv"
12;"Caffeine";"spectra/group12/caffeine_01.csv"
12;"Caffeine";"spectra/group12/caffeine_02.csv"
12;"Caffeine";"spectra/group12/caffeine_03.csv"
12;"Caffeine";"spectra/group12/caffeine_04.csv"
12;"Caffeine";"spectra/group12/caffeine_05.csv"
13;"ASA";"spectra/group13/asa_01.csv"
13;"ASA";"spectra/group13/asa_02.csv"
13;"ASA";"spectra/group13/asa_03.csv"
13;"ASA";"spectra/group13/asa_04.csv"
13;"ASA";"spectra/group13/asa_05.csv"
13;"Caffeine citrate";"spectra/group13/caffeine_citrate_01.csv"
13;"Caffeine citrate";"spectra/group13/caffeine_citrate_02.csv"
13;"Caffeine citrate";"spectra/group13/caffeine_citrate_03.csv"
13;"Caffeine citrate";"spectra/group13/caffeine_citrate_04.csv"
13;"Caffeine citrate";"spectra/group13/caffeine_citrate_05.csv"
13;"Xylose";"spectra/group13/xylose_01.csv"
13;"Xylose";"spectra/group13/xylose_02.csv"
13;"Xylose";"spectra/group13/xylose_03.csv"
13;"Xylose";"spectra/group13/xylose_04.csv"
13;"Xylose";"spectra/group13/xylose_05.csv"
13;"Acetaminophen";"spectra/group13/acetaminophen_01.csv"
13;"Acetaminophen";"spectra/group13/acetaminophen_02.csv"
13;"Acetaminophen";"spectra/group13/acetaminophen_03.csv"
13;"Acetaminophen";"spectra/group13/acetaminophen_04.csv"
13;"Acetaminophen";"spectra/group13/acetaminophen_05.csv"
13;"Mannitol";"spectra/group13/mannitol_01.csv"
13;"Mannitol";"spectra/group13/mannitol_02.csv"
13;"Mannitol";"spectra/group13/mannitol_03.csv"
13;"Mannitol";"spectra/group13/mannitol_04.csv"
13;"Mannitol";"spectra/group13/mannitol_05.csv"
13;"Fructose";"spectra/group13/fructose_01.csv"
13;"Fructose";"spectra/group13/fructose_02.csv"
13;"Fructose";"spectra/group13/fructose_03.csv"
13;"Fructose";"spectra/group13/fructose_04.csv"
13;"Fructose";"spectra/group13/fructose_05.csv"
13;"Glucose";"spectra/group13/glucose_01.csv"
13;"Glucose";"spectra/group13/glucose_02.csv"
13;"Glucose";"spectra/group13/glucose_03.csv"
13;"Glucose";"spectra/group13/glucose_04.csv"
13;"Glucose";"spectra/group13/glucose_05.csv"
13;"Lactose";"spectra/group13/lactose_01.csv"
13;"Lactose";"spectra/group13/lactose_02.csv"
13;"Lactose";"spectra/group13/lactose_03.csv"
13;"Lactose";"spectra/group13/lactose_04.csv"
13;"Lactose";"spectra/group13/lactose_05.csv"
13;"Sorbitol";"spectra/group13/sorbitol_01.csv"
13;"Sorbitol";"spectra/group13/sorbitol_02.csv"
13;"Sorbitol";"spectra/group13/sorbitol_03.csv"
13;"Sorbitol";"spectra/group13/sorbitol_04.csv"
13;"Sorbitol";"spectra/group13/sorbitol_05.csv"
13;"Salicylic acid";"spectra/group13/salicylic_acid_01.csv"
13;"Salicylic acid";"spectra/group13/salicylic_acid_02.csv"
13;"Salicylic acid";"spectra/group13/salicylic_acid_03.csv"
13;"Salicylic acid";"spectra/group13/salicylic_acid_04.csv"
13;"Salicylic acid";"spectra/group13/salicylic_acid_05.csv"
13;"Caffeine";"spectra/group13/caffeine_01.csv"
13;"Caffeine";"spectra/group13/caffeine_02.csv"
13;"Caffeine";"spectra/group13/caffeine_03.csv"
13;"Caffeine";"spectra/group13/caffeine_04.csv"
13;"Caffeine";"spectra/group13/caffeine_05.csv"
14;"ASA";"spectra/group14/asa_01.csv"
14;"ASA";"spectra/group14/asa_02.csv"
14;"ASA";"spectra/group14/asa_03.csv"
14;"ASA";"spectra/group14/asa_04.csv"
14;"ASA";"spectra/group14/asa_05.csv"
14;"Caffeine citrate";"spectra/group14/caffeine_citrate_01.csv"
14;"Caffeine citrate";"spectra/group14/caffeine_citrate_02.csv"
14;"Caffeine citrate";"spectra/group14/caffeine_citrate_03.csv"
14;"Caffeine citrate";"spectra/group14/caffeine_citrate_04.csv"
14;"Caffeine citrate";"spectra/group14/caffeine_citrate_05.csv"
14;"Xylose";"spectra/group14/xylose_01.csv"
14;"Xylose";"spectra/group14/xylose_02.csv"
14;"Xylose";"spectra/group14/xylose_03.csv"
14;"Xylose";"spectra/group14/xylose_04.csv"
14;"Xylose";"spectra/group14/xylose_05.csv"
14;"Acetaminophen";"spectra/group14/acetaminophen_01.csv"
14;"Acetaminophen";"spectra/group14/acetaminophen_02.csv"
14;"Acetaminophen";"spectra/group14/acetaminophen_03.csv"
14;"Acetaminophen";"spectra/group14/acetaminophen_04.csv"
14;"Acetaminophen";"spectra/group14/acetaminophen_05.csv"
14;"Mannitol";"spectra/group14/mannitol_01.csv"
14;"Mannitol";"spectra/group14/mannitol_02.csv"
14;"Mannitol";"spectra/group14/mannitol_03.csv"
14;"Mannitol";"spectra/group14/mannitol_04.csv"
14;"Mannitol";"spectra/group14/mannitol_05.csv"
14;"Fructose";"spectra/group14/fructose_01.csv"
14;"Fructose";"spectra/group14/fructose_02.csv"
14;"Fructose";"spectra/group14/fructose_03.csv"
14;"Fructose";"spectra/group14/fructose_04.csv"
14;"Fructose";"spectra/group14/fructose_05.csv"
14;"Glucose";"spectra/group14/glucose_01.csv"
14;"Glucose";"spectra/group14/glucose_02.csv"
14;"Glucose";"spectra/group14/glucose_03.csv"
14;"Glucose";"spectra/group14/glucose_04.csv"
14;"Glucose";"spectra/group14/glucose_05.csv"
14;"Lactose";"spectra/group14/lactose_01.csv"
14;"Lactose";"spectra/group14/lactose_02.csv"
14;"Lactose";"spectra/group14/lactose_03.csv"
14;"Lactose";"spectra/group14/lactose_04.csv"
14;"Lactose";"spectra/group14/lactose_05.csv"
14;"Sorbitol";"spectra/group14/sorbitol_01.csv"
14;"Sorbitol";"spectra/group14/sorbitol_02.csv"
14;"Sorbitol";"spectra/group14/sorbitol_03.csv"
14;"Sorbitol";"spectra/group14/sorbitol_04.csv"
14;"Sorbitol";"spectra/group14/sorbitol_05.csv"
14;"Salicylic acid";"spectra/group14/salicylic_acid_01.csv"
14;"Salicylic acid";"spectra/group14/salicylic_acid_02.csv"
14;"Salicylic acid";"spectra/group14/salicylic_acid_03.csv"
14;"Salicylic acid";"spectra/group14/salicylic_acid_04.csv"
14;"Salicylic acid";"spectra/group14/salicylic_acid_05.csv"
14;"Caffeine";"spectra/group14/caffeine_01.csv"
14;"Caffeine";"spectra/group14/caffeine_02.csv"
14;"Caffeine";"spectra/group14/caffeine_03.csv"
14;"Caffeine";"spectra/group14/caffeine_04.csv"
14;"Caffeine";"spectra/group14/caffeine_05.csv"
15;"ASA";"spectra/group15/asa_01.csv"
15;"ASA";"spectra/group15/asa_02.csv"
15;"ASA";"spectra/group15/asa_03.csv"
15;"ASA";"spectra/group15/asa_04.csv"
15;"ASA";"spectra/group15/asa_05.csv"
15;"Caffeine citrate";"spectra/group15/caffeine_citrate_01.csv"
15;"Caffeine citrate";"spectra/group15/caffeine_citrate_02.csv"
15;"Caffeine citrate";"spectra/group15/caffeine_citrate_03.csv"
15;"Caffeine citrate";"spectra/group15/caffeine_citrate_04.csv"
15;"Caffeine citrate";"spectra/group15/caffeine_citrate_05.csv"
15;"Xylose";"spectra/group15/xylose_01.csv"
15;"Xylose";"spectra/group15/xylose_02.csv"
15;"Xylose";"spectra/group15/xylose_03.csv"
15;"Xylose";"spectra/group15/xylose_04.csv"
15;"Xylose";"spectra/group15/xylose_05.csv"
15;"Acetaminophen";"spectra/group15/acetaminophen_01.csv"
15;"Acetaminophen";"spectra/group15/acetaminophen_02.csv"
15;"Acetaminophen";"spectra/group15/acetaminophen_03.csv"
15;"Acetaminophen";"spectra/group15/acetaminophen_04.csv"
15;"Acetaminophen";"spectra/group15/acetaminophen_05.csv"
15;"Mannitol";"spectra/group15/mannitol_01.csv"
15;"Mannitol";"spectra/group15/mannitol_02.csv"
15;"Mannitol";"spectra/group15/mannitol_03.csv"
15;"Mannitol";"spectra/group15/mannitol_04.csv"
15;"Mannitol";"spectra/group15/mannitol_05.csv"
15;"Fructose";"spectra/group15/fructose_01.csv"
15;"Fructose";"spectra/group15/fructose_02.csv"
15;"Fructose";"spectra/group15/fructose_03.csv"
15;"Fructose";"spectra/group15/fructose_04.csv"
15;"Fructose";"spectra/group15/fructose_05.csv"
15;"Glucose";"spectra/group15/glucose_01.csv"
15;"Glucose";"spectra/group15/glucose_02.csv"
15;"Glucose";"spectra/group15/glucose_03.csv"
15;"Glucose";"spectra/group15/glucose_04.csv"
15;"Glucose";"spectra/group15/glucose_05.csv"
15;"Lactose";"spectra/group15/lactose_01.csv"
15;"Lactose";"spectra/group15/lactose_02.csv"
15;"Lactose";"spectra/group15/lactose_03.csv"
15;"Lactose";"spectra/group15/lactose_04.csv"
15;"Lactose";"spectra/group15/lactose_05.csv"
15;"Sorbitol";"spectra/group15/sorbitol_01.csv"
15;"Sorbitol";"spectra/group15/sorbitol_02.csv"
15;"Sorbitol";"spectra/group15/sorbitol_03.csv"
15;"Sorbitol";"spectra/group15/sorbitol_04.csv"
15;"Sorbitol";"spectra/group15/sorbitol_05.csv"
15;"Salicylic acid";"spectra/group15/salicylic_acid_01.csv"
15;"Salicylic acid";"spectra/group15/salicylic_acid_02.csv"
15;"Salicylic acid";"spectra/group15/salicylic_acid_03.csv"
15;"Salicylic acid";"spectra/group15/salicylic_acid_04.csv"
15;"Salicylic acid";"spectra/group15/salicylic_acid_05.csv"
15;"Caffeine";"spectra/group15/caffeine_01.csv"
15;"Caffeine";"spectra/group15/caffeine_02.csv"
15;"Caffeine";"spectra/group15/caffeine_03.csv"
15;"Caffeine";"spectra/group15/caffeine_04.csv"
15;"Caffeine";"spectra/group15/caffeine_05.csv"
16;"ASA";"spectra/group16/asa_01.csv"
16;"ASA";"spectra/group16/asa_02.csv"
16;"ASA";"spectra/group16/asa_03.csv"
16;"ASA";"spectra/group16/asa_04.csv"
16;"ASA";"spectra/group16/asa_05.csv"
16;"Caffeine citrate";"spectra/group16/caffeine_citrate_01.csv"
16;"Caffeine citrate";"spectra/group16/caffeine_citrate_02.csv"
16;"Caffeine citrate";"spectra/group16/caffeine_citrate_03.csv"
16;"Caffeine citrate";"spectra/group16/caffeine_citrate_04.csv"
16;"Caffeine citrate";"spectra/group16/caffeine_citrate_05.csv"
16;"Xylose";"spectra/group16/xylose_01.csv"
16;"Xylose";"spectra/group16/xylose_02.csv"
16;"Xylose";"spectra/group16/xylose_03.csv"
16;"Xylose";"spectra/group16/xylose_04.csv"
16;"Xylose";"spectra/group16/xylose_05.csv"
16;"Acetaminophen";"spectra/group16/acetaminophen_01.csv"
16;"Acetaminophen";"spectra/group16/acetaminophen_02.csv"
16;"Acetaminophen";"spectra/group16/acetaminophen_03.csv"
16;"Acetaminophen";"spectra/group16/acetaminophen_04.csv"
16;"Acetaminophen";"spectra/group16/acetaminophen_05.csv"
16;"Mannitol";"spectra/group16/mannitol_01.csv"
16;"Mannitol";"spectra/group16/mannitol_02.csv"
16;"Mannitol";"spectra/group16/mannitol_03.csv"
16;"Mannitol";"spectra/group16/mannitol_04.csv"
16;"Mannitol";"spectra/group16/mannitol_05.csv"
16;"Fructose";"spectra/group16/fructose_01.csv"
16;"Fructose";"spectra/group16/fructose_02.csv"
16;"Fructose";"spectra/group16/fructose_03.csv"
16;"Fructose";"spectra/group16/fructose_04.csv"
16;"Fructose";"spectra/group16/fructose_05.csv"
16;"Glucose";"spectra/group16/glucose_01.csv"
16;"Glucose";"spectra/group16/glucose_02.csv"
16;"Glucose";"spectra/group16/glucose_03.csv"
16;"Glucose";"spectra/group16/glucose_04.csv"
16;"Glucose";"spectra/group16/glucose_05.csv"
16;"Lactose";"spectra/group16/lactose_01.csv"
16;"Lactose";"spectra/group16/lactose_02.csv"
16;"Lactose";"spectra/group16/lactose_03.csv"
16;"Lactose";"spectra/group16/lactose_04.csv"
16;"Lactose";"spectra/group16/lactose_05.csv"
16;"Sorbitol";"spectra/group16/sorbitol_01.csv"
16;"Sorbitol";"spectra/group16/sorbitol_02.csv"
16;"Sorbitol";"spectra/group16/sorbitol_03.csv"
16;"Sorbitol";"spectra/group16/sorbitol_04.csv"
16;"Sorbitol";"spectra/group16/sorbitol_05.csv"
16;"Salicylic acid";"spectra/group16/salicylic_acid_01.csv"
16;"Salicylic acid";"spectra/group16/salicylic_acid_02.csv"
16;"Salicylic acid";"spectra/group16/salicylic_acid_03.csv"
16;"Salicylic acid";"spectra/group16/salicylic_acid_04.csv"
16;"Salicylic acid";"spectra/group16/salicylic_acid_05.csv"
16;"Caffeine";"spectra/group16/caffeine_01.csv"
16;"Caffeine";"spectra/group16/caffeine_02.csv"
16;"Caffeine";"spectra/group16/caffeine_03.csv"
16;"Caffeine";"spectra/group16/caffeine_04.csv"
16;"Caffeine";"spectra/group16/caffeine_05.csv"
17;"ASA";"spectra/group17/asa_01.csv"
17;"ASA";"spectra/group17/asa_02.csv"
17;"ASA";"spectra/group17/asa_03.csv"
17;"ASA";"spectra/group17/asa_04.csv"
17;"ASA";"spectra/group17/asa_05.csv"
17;"Caffeine citrate";"spectra/group17/caffeine_citrate_01.csv"
17;"Caffeine citrate";"spectra/group17/caffeine_citrate_02.csv"
17;"Caffeine citrate";"spectra/group17/caffeine_citrate_03.csv"
17;"Caffeine citrate";"spectra/group17/caffeine_citrate_04.csv"
17;"Caffeine citrate";"spectra/group17/caffeine_citrate_05.csv"
17;"Xylose";"spectra/group17/xylose_01.csv"
17;"Xylose";"spectra/group17/xylose_02.csv"
17;"Xylose";"spectra/group17/xylose_03.csv"
17;"Xylose";"spectra/group17/xylose_04.csv"
17;"Xylose";"spectra/group17/xylose_05.csv"
17;"Acetaminophen";"spectra/group17/acetaminophen_01.csv"
17;"Acetaminophen";"spectra/group17/acetaminophen_02.csv"
17;"Acetaminophen";"spectra/group17/acetaminophen_03.csv"
17;"Acetaminophen";"spectra/group17/acetaminophen_04.csv"
17;"Acetaminophen";"spectra/group17/acetaminophen_05.csv"
17;"Mannitol";"spectra/group17/mannitol_01.csv"
17;"Mannitol";"spectra/group17/mannitol_02.csv"
17;"Mannitol";"spectra/group17/mannitol_03.csv"
17;"Mannitol";"spectra/group17/mannitol_04.csv"
17;"Mannitol";"spectra/group17/mannitol_05.csv"
17;"Fructose";"spectra/group17/fructose_01.csv"
17;"Fructose";"spectra/group17/fructose_02.csv"
17;"Fructose";"spectra/group17/fructose_03.csv"
17;"Fructose";"spectra/group17/fructose_04.csv"
17;"Fructose";"spectra/group17/fructose_05.csv"
17;"Glucose";"spectra/group17/glucose_01.csv"
17;"Glucose";"spectra/group17/glucose_02.csv"
17;"Glucose";"spectra/group17/glucose_03.csv"
17;"Glucose";"spectra/group17/glucose_04.csv"
17;"Glucose";"spectra/group17/glucose_05.csv"
17;"Lactose";"spectra/group17/lactose_01.csv"
17;"Lactose";"spectra/group17/lactose_02.csv"
17;"Lactose";"spectra/group17/lactose_03.csv"
17;"Lactose";"spectra/group17/lactose_04.csv"
17;"Lactose";"spectra/group17/lactose_05.csv"
17;"Sorbitol";"spectra/group17/sorbitol_01.csv"
17;"Sorbitol";"spectra/group17/sorbitol_02.csv"
17;"Sorbitol";"spectra/group17/sorbitol_03.csv"
17;"Sorbitol";"spectra/group17/sorbitol_04.csv"
17;"Sorbitol";"spectra/group17/sorbitol_05.csv"
17;"Salicylic acid";"spectra/group17/salicylic_acid_01.csv"
17;"Salicylic acid";"spectra/group17/salicylic_acid_02.csv"
17;"Salicylic acid";"spectra/group17/salicylic_acid_03.csv"
17;"Salicylic acid";"spectra/group17/salicylic_acid_04.csv"
17;"Salicylic acid";"spectra/group17/salicylic_acid_05.csv"
17;"Caffeine";"spectra/group17/caffeine_01.csv"
17;"Caffeine";"spectra/group17/caffeine_02.csv"
17;"Caffeine";"spectra/group17/caffeine_03.csv"
17;"Caffeine";"spectra/group17/caffeine_04.csv"
17;"Caffeine";"spectra/group17/caffeine_05.csv"
18;"ASA";"spectra/group18/asa_01.csv"
18;"ASA";"spectra/group18/asa_02.csv"
18;"ASA";"spectra/group18/asa_03.csv"
18;"ASA";"spectra/group18/asa_04.csv"
18;"ASA";"spectra/group18/asa_05.csv"
18;"Caffeine citrate";"spectra/group18/caffeine_citrate_01.csv"
18;"Caffeine citrate";"spectra/group18/caffeine_citrate_02.csv"
18;"Caffeine citrate";"spectra/group18/caffeine_citrate_03.csv"
18;"Caffeine citrate";"spectra/group18/caffeine_citrate_04.csv"
18;"Caffeine citrate";"spectra/group18/caffeine_citrate_05.csv"
18;"Xylose";"spectra/group18/xylose_01.csv"
18;"Xylose";"spectra/group18/xylose_02.csv"
18;"Xylose";"spectra/group18/xylose_03.csv"
18;"Xylose";"spectra/group18/xylose_04.csv"
18;"Xylose";"spectra/group18/xylose_05.csv"
18;"Acetaminophen";"spectra/group18/acetaminophen_01.csv"
18;"Acetaminophen";"spectra/group18/acetaminophen_02.csv"
18;"Acetaminophen";"spectra/group18/acetaminophen_03.csv"
18;"Acetaminophen";"spectra/group18/acetaminophen_04.csv"
18;"Acetaminophen";"spectra/group18/acetaminophen_05.csv"
18;"Mannitol";"spectra/group18/mannitol_01.csv"
18;"Mannitol";"spectra/group18/mannitol_02.csv"
18;"Mannitol";"spectra/group18/mannitol_03.csv"
18;"Mannitol";"spectra/group18/mannitol_04.csv"
18;"Mannitol";"spectra/group18/mannitol_05.csv"
18;"Fructose";"spectra/group18/fructose_01.csv"
18;"Fructose";"spectra/group18/fructose_02.csv"
18;"Fructose";"spectra/group18/fructose_03.csv"
18;"Fructose";"spectra/group18/fructose_04.csv"
18;"Fructose";"spectra/group18/fructose_05.csv"
18;"Glucose";"spectra/group18/glucose_01.csv"
18;"Glucose";"spectra/group18/glucose_02.csv"
18;"Glucose";"spectra/group18/glucose_03.csv"
18;"Glucose";"spectra/group18/glucose_04.csv"
18;"Glucose";"spectra/group18/glucose_05.csv"
18;"Lactose";"spectra/group18/lactose_01.csv"
18;"Lactose";"spectra/group18/lactose_02.csv"
18;"Lactose";"spectra/group18/lactose_03.csv"
18;"Lactose";"spectra/group18/lactose_04.csv"
18;"Lactose";"spectra/group18/lactose_05.csv"
18;"Sorbitol";"spectra/group18/sorbitol_01.csv"
18;"Sorbitol";"spectra/group18/sorbitol_02.csv"
18;"Sorbitol";"spectra/group18/sorbitol_03.csv"
18;"Sorbitol";"spectra/group18/sorbitol_04.csv"
18;"Sorbitol";"spectra/group18/sorbitol_05.csv"
18;"Salicylic acid";"spectra/group18/salicylic_acid_01.csv"
18;"Salicylic acid";"spectra/group18/salicylic_acid_02.csv"
18;"Salicylic acid";"spectra/group18/salicylic_acid_03.csv"
18;"Salicylic acid";"spectra/group18/salicylic_acid_04.csv"
18;"Salicylic acid";"spectra/group18/salicylic_acid_05.csv"
18;"Caffeine";"spectra/group18/caffeine_01.csv"
18;"Caffeine";"spectra/group18/caffeine_02.csv"
18;"Caffeine";"spectra/group18/caffeine_03.csv"
18;"Caffeine";"spectra/group18/caffeine_04.csv"
18;"Caffeine";"spectra/group18/caffeine_05.csv"
19;"ASA";"spectra/group19/asa_01.csv"
19;"ASA";"spectra/group19/asa_02.csv"
19;"ASA";"spectra/group19/asa_03.csv"
19;"ASA";"spectra/group19/asa_04.csv"
19;"ASA";"spectra/group19/asa_05.csv"
19;"Caffeine citrate";"spectra/group19/caffeine_citrate_01.csv"
19;"Caffeine citrate";"spectra/group19/caffeine_citrate_02.csv"
19;"Caffeine citrate";"spectra/group19/caffeine_citrate_03.csv"
19;"Caffeine citrate";"spectra/group19/caffeine_citrate_04.csv"
19;"Caffeine citrate";"spectra/group19/caffeine_citrate_05.csv"
19;"Xylose";"spectra/group19/xylose_01.csv"
19;"Xylose";"spectra/group19/xylose_02.csv"
19;"Xylose";"spectra/group19/xylose_03.csv"
19;"Xylose";"spectra/group19/xylose_04.csv"
19;"Xylose";"spectra/group19/xylose_05.csv"
19;"Acetaminophen";"spectra/group19/acetaminophen_01.csv"
19;"Acetaminophen";"spectra/group19/acetaminophen_02.csv"
19;"Acetaminophen";"spectra/group19/acetaminophen_03.csv"
19;"Acetaminophen";"spectra/group19/acetaminophen_04.csv"
19;"Acetaminophen";"spectra/group19/acetaminophen_05.csv"
19;"Mannitol";"spectra/group19/mannitol_01.csv"
19;"Mannitol";"spectra/group19/mannitol_02.csv"
19;"Mannitol";"spectra/group19/mannitol_03.csv"
19;"Mannitol";"spectra/group19/mannitol_04.csv"
19;"Mannitol";"spectra/group19/mannitol_05.csv"
19;"Fructose";"spectra/group19/fructose_01.csv"
19;"Fructose";"spectra/group19/fructose_02.csv"
19;"Fructose";"spectra/group19/fructose_03.csv"
19;"Fructose";"spectra/group19/fructose_04.csv"
19;"Fructose";"spectra/group19/fructose_05.csv"
19;"Glucose";"spectra/group19/glucose_01.csv"
19;"Glucose";"spectra/group19/glucose_02.csv"
19;"Glucose";"spectra/group19/glucose_03.csv"
19;"Glucose";"spectra/group19/glucose_04.csv"
19;"Glucose";"spectra/group19/glucose_05.csv"
19;"Lactose";"spectra/group19/lactose_01.csv"
19;"Lactose";"spectra/group19/lactose_02.csv"
19;"Lactose";"spectra/group19/lactose_03.csv"
19;"Lactose";"spectra/group19/lactose_04.csv"
19;"Lactose";"spectra/group19/lactose_05.csv"
19;"Sorbitol";"spectra/group19/sorbitol_01.csv"
19;"Sorbitol";"spectra/group19/sorbitol_02.csv"
19;"Sorbitol";"spectra/group19/sorbitol_03.csv"
19;"Sorbitol";"spectra/group19/sorbitol_04.csv"
19;"Sorbitol";"spectra/group19/sorbitol_05.csv"
19;"Salicylic acid";"spectra/group19/salicylic_acid_01.csv"
19;"Salicylic acid";"spectra/group19/salicylic_acid_02.csv"
19;"Salicylic acid";"spectra/group19/salicylic_acid_03.csv"
19;"Salicylic acid";"spectra/group19/salicylic_acid_04.csv"
19;"Salicylic acid";"spectra/group19/salicylic_acid_05.csv"
19;"Caffeine";"spectra/group19/caffeine_01.csv"
19;"Caffeine";"spectra/group19/caffeine_02.csv"
19;"Caffeine";"spectra/group19/caffeine_03.csv"
19;"Caffeine";"spectra/group19/caffeine_04.csv"
19;"Caffeine";"spectra/group19/caffeine_05.csv"
20;"ASA";"spectra/group20/asa_01.csv"
20;"ASA";"spectra/group20/asa_02.csv"
20;"ASA";"spectra/group20/asa_03.csv"
20;"ASA";"spectra/group20/asa_04.csv"
20;"ASA";"spectra/group20/asa_05.csv"
20;"Caffeine citrate";"spectra/group20/caffeine_citrate_01.csv"
20;"Caffeine citrate";"spectra/group20/caffeine_citrate_02.csv"
20;"Caffeine citrate";"spectra/group20/caffeine_citrate_03.csv"
20;"Caffeine citrate";"spectra/group20/caffeine_citrate_04.csv"
20;"Caffeine citrate";"spectra/group20/caffeine_citrate_05.csv"
20;"Xylose";"spectra/group20/xylose_01.csv"
20;"Xylose";"spectra/group20/xylose_02.csv"
20;"Xylose";"spectra/group20/xylose_03.csv"
20;"Xylose";"spectra/group20/xylose_04.csv"
20;"Xylose";"spectra/group20/xylose_05.csv"
20;"Acetaminophen";"spectra/group20/acetaminophen_01.csv"
20;"Acetaminophen";"spectra/group20/acetaminophen_02.csv"
20;"Acetaminophen";"spectra/group20/acetaminophen_03.csv"
20;"Acetaminophen";"spectra/group20/acetaminophen_04.csv"
20;"Acetaminophen";"spectra/group20/acetaminophen_05.csv"
20;"Mannitol";"spectra/group20/mannitol_01.csv"
20;"Mannitol";"spectra/group20/mannitol_02.csv"
20;"Mannitol";"spectra/group20/mannitol_03.csv"
20;"Mannitol";"spectra/group20/mannitol_04.csv"
20;"Mannitol";"spectra/group20/mannitol_05.csv"
20;"Fructose";"spectra/group20/fructose_01.csv"
20;"Fructose";"spectra/group20/fructose_02.csv"
20;"Fructose";"spectra/group20/fructose_03.csv"
20;"Fructose";"spectra/group20/fructose_04.csv"
20;"Fructose";"spectra/group20/fructose_05.csv"
20;"Glucose";"spectra/group20/glucose_01.csv"
20;"Glucose";"spectra/group20/glucose_02.csv"
20;"Glucose";"spectra/group20/glucose_03.csv"
20;"Glucose";"spectra/group20/glucose_04.csv"
20;"Glucose";"spectra/group20/glucose_05.csv"
20;"Lactose";"spectra/group20/lactose_01.csv"
20;"Lactose";"spectra/group20/lactose_02.csv"
20;"Lactose";"spectra/group20/lactose_03.csv"
20;"Lactose";"spectra/group20/lactose_04.csv"
20;"Lactose";"spectra/group20/lactose_05.csv"
20;"Sorbitol";"spectra/group20/sorbitol_01.csv"
20;"Sorbitol";"spectra/group20/sorbitol_02.csv"
20;"Sorbitol";"spectra/group20/sorbitol_03.csv"
20;"Sorbitol";"spectra/group20/sorbitol_04.csv"
20;"Sorbitol";"spectra/group20/sorbitol_05.csv"
20;"Salicylic acid";"spectra/group20/salicylic_acid_01.csv"
20;"Salicylic acid";"spectra/group20/salicylic_acid_02.csv"
20;"Salicylic acid";"spectra/group20/salicylic_acid_03.csv"
20;"Salicylic acid";"spectra/group20/salicylic_acid_04.csv"
20;"Salicylic acid";"spectra/group20/salicylic_acid_05.csv"
20;"Caffeine";"spectra/group20/caffeine_01.csv"
20;"Caffeine";"spectra/group20/caffeine_02.csv"
20;"Caffeine";"spectra/group20/caffeine_03.csv"
20;"Caffeine";"spectra/group20/caffeine_04.csv"
20;"Caffeine";"spectra/group20/caffeine_05.csv"
